experiment,replicate,date,tme,ph,ec,tds,water_temp,date_1,tme_1,rh_%,air_temp_c,co2_ppm
Experiment 1,Replicate 1 T1,,,,,,,2024-10-03,,,,406.96
Experiment 1,Replicate 1 T1,,,,,,,2024-10-03,10:00:00,49.08,24.18,406.55
Experiment 1,Replicate 1 T1,,,,,,,2024-10-03,11:00:00,47.51,23.55,413.38
Experiment 1,Replicate 1 T1,,,,,,,2024-10-03,12:00:00,46.8,23.81,412.5
Experiment 1,Replicate 1 T1,,,,,,,2024-10-03,13:00:00,47.12,24.48,408.94
Experiment 1,Replicate 1 T1,,,,,,,2024-10-03,14:00:00,47.64,24.74,410.58
Experiment 1,Replicate 1 T1,,,,,,,2024-10-03,15:00:00,48.55,24.43,413.71
Experiment 1,Replicate 1 T1,,,,,,,2024-10-03,16:00:00,49.41,25.27,427.72
Experiment 1,Replicate 1 T1,,,,,,,2024-10-03,17:00:00,50.27,20.93,440.55
Experiment 1,Replicate 1 T1,,,,,,,2024-10-03,18:00:00,51.56,16.91,443.4
Experiment 1,Replicate 1 T1,,,,,,,2024-10-03,19:00:00,53.32,15.9,447.13
Experiment 1,Replicate 1 T1,,,,,,,2024-10-03,20:00:00,54.98,14.95,449.82
Experiment 1,Replicate 1 T1,,,,,,,2024-10-03,21:00:00,56.49,14.01,453.56
Experiment 1,Replicate 1 T1,,,,,,,2024-10-03,22:00:00,57.83,13.26,455.81
Experiment 1,Replicate 1 T1,,,,,,,2024-11-03,23:00:00,58.9,12.44,460.04
Experiment 1,Replicate 1 T1,,,,,,,2024-11-03,00:00:00,59.81,11.37,465.31
Experiment 1,Replicate 1 T1,,,,,,,2024-11-03,01:00:00,60.26,10.82,471.44
Experiment 1,Replicate 1 T1,,,,,,,2024-11-03,02:00:00,60.62,10.42,475.82
Experiment 1,Replicate 1 T1,,,,,,,2024-11-03,03:00:00,60.89,10.12,479.29
Experiment 1,Replicate 1 T1,,,,,,,2024-11-03,04:00:00,61.22,9.92,484.13
Experiment 1,Replicate 1 T1,,,,,,,2024-11-03,05:00:00,61.48,9.81,486.6
Experiment 1,Replicate 1 T1,,,,,,,2024-11-03,06:00:00,61.38,11.26,484.31
Experiment 1,Replicate 1 T1,,,,,,,2024-11-03,07:00:00,57.06,20.33,459.29
Experiment 1,Replicate 1 T1,,,,,,,2024-11-03,08:00:00,52.95,24.85,443.29
Experiment 1,Replicate 1 T1,,,,,,,2024-11-03,09:00:00,49.6,24.16,434.23
Experiment 1,Replicate 1 T1,,,,,,,2024-11-03,10:00:00,48.4,24.34,425.57
Experiment 1,Replicate 1 T1,,,,,,,2024-11-03,11:00:00,47.65,23.45,421.48
Experiment 1,Replicate 1 T1,,,,,,,2024-11-03,12:00:00,47.19,23.99,419.98
Experiment 1,Replicate 1 T1,,,,,,,2024-11-03,13:00:00,48.39,22.8,415.63
Experiment 1,Replicate 1 T1,,,,,,,2024-11-03,14:00:00,48.13,24.63,413.96
Experiment 1,Replicate 1 T1,,,,,,,2024-11-03,15:00:00,49.25,24.72,417.04
Experiment 1,Replicate 1 T1,,,,,,,2024-11-03,16:00:00,50.36,25.72,424.98
Experiment 1,Replicate 1 T1,,,,,,,2024-11-03,17:00:00,51.68,22.29,437.88
Experiment 1,Replicate 1 T1,,,,,,,2024-11-03,18:00:00,54.04,17.2,445.02
Experiment 1,Replicate 1 T1,,,,,,,2024-11-03,19:00:00,56.61,15.13,449.31
Experiment 1,Replicate 1 T1,,,,,,,2024-11-03,20:00:00,58.16,14.23,450.49
Experiment 1,Replicate 1 T1,,,,,,,2024-11-03,21:00:00,59.51,13.88,452.28
Experiment 1,Replicate 1 T1,,,,,,,2024-11-03,22:00:00,60.56,13.51,452.65
Experiment 1,Replicate 1 T1,,,,,,,2024-12-03,23:00:00,61.46,13.13,451.69
Experiment 1,Replicate 1 T1,,,,,,,2024-12-03,00:00:00,61.93,12.84,449.85
Experiment 1,Replicate 1 T1,,,,,,,2024-12-03,01:00:00,62.69,12.68,451.39
Experiment 1,Replicate 1 T1,,,,,,,2024-12-03,02:00:00,63.03,12.23,452.94
Experiment 1,Replicate 1 T1,,,,,,,2024-12-03,03:00:00,63.21,11.85,455.81
Experiment 1,Replicate 1 T1,,,,,,,2024-12-03,04:00:00,62.97,11.8,452.51
Experiment 1,Replicate 1 T1,,,,,,,2024-12-03,05:00:00,63.46,11.27,452.95
Experiment 1,Replicate 1 T1,,,,,,,2024-12-03,06:00:00,63.23,12.45,444.2
Experiment 1,Replicate 1 T1,,,,,,,2024-12-03,07:00:00,58.73,21.75,428.9
Experiment 1,Replicate 1 T1,,,,,,,2024-12-03,08:00:00,55.23,25.45,424.04
Experiment 1,Replicate 1 T1,,,,,,,2024-12-03,09:00:00,52.21,24.76,417.8
Experiment 1,Replicate 1 T1,,,,,,,2024-12-03,10:00:00,50.18,23.12,411.77
Experiment 1,Replicate 1 T1,,,,,,,2024-12-03,11:00:00,48.67,23.59,406.54
Experiment 1,Replicate 1 T1,,,,,,,2024-12-03,12:00:00,48.25,24.21,407.38
Experiment 1,Replicate 1 T1,,,,,,,2024-12-03,13:00:00,48.67,23.58,406.79
Experiment 1,Replicate 1 T1,,,,,,,2024-12-03,14:00:00,50.59,22.78,404.6
Experiment 1,Replicate 1 T1,,,,,,,,15:00:00,51.2,22.66,454.56
Experiment 1,Replicate 1 T1,,,,,,,,09:00:00,59.96,23.57,439.33
Experiment 1,Replicate 1 T1,,,,,,,,10:00:00,57.09,23.48,429.4
Experiment 1,Replicate 1 T1,,,,,,,,11:00:00,53.59,23.81,425.44
Experiment 1,Replicate 1 T1,,,,,,,,12:00:00,52.17,23.99,420.42
Experiment 1,Replicate 1 T1,,,,,,,,13:00:00,51.68,24.6,415.45
Experiment 1,Replicate 1 T1,,,,,,,,14:00:00,53.12,23.05,416.16
Experiment 1,Replicate 1 T1,,,,,,,,15:00:00,54.37,24.15,415.02
Experiment 1,Replicate 1 T1,,,,,,,,16:00:00,55.06,25.59,420.48
Experiment 1,Replicate 1 T1,,,,,,,,17:00:00,56.53,23.37,439.63
Experiment 1,Replicate 1 T1,,,,,,,,18:00:00,58.52,19.16,444.76
Experiment 1,Replicate 1 T1,,,,,,,,19:00:00,60.47,17.84,450.64
Experiment 1,Replicate 1 T1,,,,,,,,20:00:00,61.86,17.04,456.72
Experiment 1,Replicate 1 T1,,,,,,,,21:00:00,63.07,16.39,461.56
Experiment 1,Replicate 1 T1,,,,,,,,22:00:00,63.86,15.85,465.05
Experiment 1,Replicate 1 T1,,,,,,,,23:00:00,64.59,15.68,467.44
Experiment 1,Replicate 1 T1,,,,,,,,00:00:00,65.06,15.37,469.71
Experiment 1,Replicate 1 T1,,,,,,,,01:00:00,65.25,14.82,469.78
Experiment 1,Replicate 1 T1,,,,,,,,02:00:00,65.58,14.0,477.63
Experiment 1,Replicate 1 T1,,,,,,,,03:00:00,65.78,14.64,485.65
Experiment 1,Replicate 1 T1,,,,,,,,04:00:00,65.73,14.54,487.65
Experiment 1,Replicate 1 T1,,,,,,,,05:00:00,66.53,13.28,496.21
Experiment 1,Replicate 1 T1,,,,,,,,06:00:00,66.01,14.47,489.91
Experiment 1,Replicate 1 T1,,,,,,,,07:00:00,61.92,22.31,461.12
Experiment 1,Replicate 1 T1,,,,,,,,08:00:00,58.83,24.96,443.2
Experiment 1,Replicate 1 T1,,,,,,,,09:00:00,55.73,23.64,432.37
Experiment 1,Replicate 1 T1,,,,,,,,10:00:00,54.44,22.36,425.7
Experiment 1,Replicate 1 T1,,,,,,,,11:00:00,52.77,23.01,420.88
Experiment 1,Replicate 1 T1,,,,,,,,12:00:00,51.71,23.45,415.06
Experiment 1,Replicate 1 T1,,,,,,,,13:00:00,51.49,23.53,409.79
Experiment 1,Replicate 1 T1,,,,,,,,14:00:00,51.77,23.6,410.9
Experiment 1,Replicate 1 T1,,,,,,,,15:00:00,52.73,24.75,413.93
Experiment 1,Replicate 1 T1,,,,,,,,16:00:00,54.12,25.03,420.48
Experiment 1,Replicate 1 T1,,,,,,,,17:00:00,55.63,22.91,433.59
Experiment 1,Replicate 1 T1,,,,,,,,18:00:00,57.56,18.09,440.81
Experiment 1,Replicate 1 T1,,,,,,,,19:00:00,59.62,16.53,449.21
Experiment 1,Replicate 1 T1,,,,,,,,20:00:00,61.2,15.72,454.31
Experiment 1,Replicate 1 T1,,,,,,,,21:00:00,62.53,15.21,456.98
Experiment 1,Replicate 1 T1,,,,,,,,22:00:00,63.29,14.61,459.73
Experiment 1,Replicate 1 T1,,,,,,,,23:00:00,63.87,13.82,461.67
Experiment 1,Replicate 1 T1,,,,,,,,00:00:00,64.32,12.94,464.9
Experiment 1,Replicate 1 T1,,,,,,,,01:00:00,64.66,12.49,468.25
Experiment 1,Replicate 1 T1,,,,,,,,02:00:00,64.97,12.1,472.27
Experiment 1,Replicate 1 T1,,,,,,,,03:00:00,65.19,12.02,473.4
Experiment 1,Replicate 1 T1,,,,,,,,04:00:00,65.39,11.89,473.29
Experiment 1,Replicate 1 T1,,,,,,,,05:00:00,65.63,11.81,473.7
Experiment 1,Replicate 1 T1,,,,,,,,06:00:00,64.97,13.51,463.16
Experiment 1,Replicate 1 T1,,,,,,,,07:00:00,60.45,22.04,440.17
Experiment 1,Replicate 1 T1,,,,,,,,08:00:00,56.7,25.0,437.51
Experiment 1,Replicate 1 T1,,,,,,,,09:00:00,52.45,24.44,427.39
Experiment 1,Replicate 1 T1,,,,,,,,10:00:00,47.81,26.82,407.63
Experiment 1,Replicate 1 T1,,,,,,,,11:00:00,43.73,28.62,405.81
Experiment 1,Replicate 1 T1,,,,,,,,12:00:00,41.79,29.17,402.22
Experiment 1,Replicate 1 T1,,,,,,,,13:00:00,41.27,28.31,409.27
Experiment 1,Replicate 1 T1,,,,,,,,14:00:00,41.16,27.69,410.63
Experiment 1,Replicate 1 T1,,,,,,,,15:00:00,42.03,25.52,414.24
Experiment 1,Replicate 1 T1,,,,,,,,16:00:00,44.62,23.87,426.58
Experiment 1,Replicate 1 T1,,,,,,,,17:00:00,48.35,22.46,451.99
Experiment 1,Replicate 1 T1,,,,,,,,18:00:00,51.05,18.48,463.19
Experiment 1,Replicate 1 T1,,,,,,,,19:00:00,53.51,17.1,468.3
Experiment 1,Replicate 1 T1,,,,,,,,20:00:00,55.56,15.99,473.75
Experiment 1,Replicate 1 T1,,,,,,,,21:00:00,56.99,15.33,476.62
Experiment 1,Replicate 1 T1,,,,,,,,22:00:00,58.4,14.82,478.72
Experiment 1,Replicate 1 T1,,,,,,,,23:00:00,59.61,14.65,480.12
Experiment 1,Replicate 1 T1,,,,,,,,00:00:00,60.26,14.22,482.13
Experiment 1,Replicate 1 T1,,,,,,,,01:00:00,60.78,13.9,485.68
Experiment 1,Replicate 1 T1,,,,,,,,02:00:00,61.41,13.95,488.24
Experiment 1,Replicate 1 T1,,,,,,,,03:00:00,61.57,13.76,487.13
Experiment 1,Replicate 1 T1,,,,,,,,04:00:00,62.15,13.78,488.7
Experiment 1,Replicate 1 T1,,,,,,,,05:00:00,62.44,13.63,490.52
Experiment 1,Replicate 1 T1,,,,,,,,06:00:00,62.57,14.25,486.25
Experiment 1,Replicate 1 T1,,,,,,,,07:00:00,60.54,18.31,460.22
Experiment 1,Replicate 1 T1,,,,,,,,08:00:00,59.66,22.94,448.27
Experiment 1,Replicate 1 T1,,,,,,,,09:00:00,57.39,25.55,441.87
Experiment 1,Replicate 1 T1,,,,,,,,10:00:00,55.42,26.09,431.68
Experiment 1,Replicate 1 T1,,,,,,,,11:00:00,51.7,24.97,425.75
Experiment 1,Replicate 1 T1,,,,,,,,12:00:00,50.33,25.54,424.06
Experiment 1,Replicate 1 T1,,,,,,,,13:00:00,50.63,23.13,421.97
Experiment 1,Replicate 1 T1,,,,,,,,14:00:00,51.83,25.06,418.29
Experiment 1,Replicate 1 T1,,,,,,,,15:00:00,52.16,25.27,420.59
Experiment 1,Replicate 1 T1,,,,,,,,16:00:00,53.4,23.98,429.33
Experiment 1,Replicate 1 T1,,,,,,,,17:00:00,54.89,20.59,443.07
Experiment 1,Replicate 1 T1,,,,,,,,18:00:00,56.02,17.99,449.4
Experiment 1,Replicate 1 T1,,,,,,,,19:00:00,57.85,16.38,452.74
Experiment 1,Replicate 1 T1,,,,,,,,20:00:00,58.95,16.61,455.88
Experiment 1,Replicate 1 T1,,,,,,,,21:00:00,59.17,16.67,457.9
Experiment 1,Replicate 1 T1,,,,,,,,22:00:00,59.54,16.66,457.03
Experiment 1,Replicate 1 T1,,,,,,,,23:00:00,60.05,16.27,461.29
Experiment 1,Replicate 1 T1,,,,,,,,00:00:00,61.43,15.7,461.88
Experiment 1,Replicate 1 T1,,,,,,,,01:00:00,62.44,15.27,463.52
Experiment 1,Replicate 1 T1,,,,,,,,02:00:00,62.85,15.26,465.98
Experiment 1,Replicate 1 T1,,,,,,,,03:00:00,63.86,14.61,465.71
Experiment 1,Replicate 1 T1,,,,,,,,04:00:00,64.09,14.64,468.13
Experiment 1,Replicate 1 T1,,,,,,,,05:00:00,64.83,14.55,468.94
Experiment 1,Replicate 1 T1,,,,,,,,06:00:00,64.33,15.52,463.0
Experiment 1,Replicate 1 T1,,,,,,,,07:00:00,61.97,18.64,441.59
Experiment 1,Replicate 1 T1,,,,,,,,08:00:00,59.39,23.99,430.47
Experiment 1,Replicate 1 T1,,,,,,,,09:00:00,56.92,24.44,425.77
Experiment 1,Replicate 1 T1,,,,,,,,10:00:00,56.81,24.8,417.37
Experiment 1,Replicate 1 T1,,,,,,,,11:00:00,54.35,24.1,405.31
Experiment 1,Replicate 1 T1,,,,,,,,12:00:00,52.76,23.84,402.42
Experiment 1,Replicate 1 T1,,,,,,,,13:00:00,53.16,23.89,401.85
Experiment 1,Replicate 1 T1,,,,,,,,14:00:00,53.72,23.83,408.23
Experiment 1,Replicate 1 T1,,,,,,,,15:00:00,54.46,26.22,406.73
Experiment 1,Replicate 1 T1,,,,,,,,16:00:00,55.52,24.76,422.79
Experiment 1,Replicate 1 T1,,,,,,,,17:00:00,56.78,21.09,444.77
Experiment 1,Replicate 1 T1,,,,,,,,18:00:00,58.65,17.61,449.64
Experiment 1,Replicate 1 T1,,,,,,,,19:00:00,60.44,16.49,455.0
Experiment 1,Replicate 1 T1,,,,,,,,20:00:00,61.2,16.68,457.99
Experiment 1,Replicate 1 T1,,,,,,,,21:00:00,61.52,16.36,463.07
Experiment 1,Replicate 1 T1,,,,,,,,22:00:00,62.06,15.92,470.9
Experiment 1,Replicate 1 T1,,,,,,,,23:00:00,63.66,15.0,472.07
Experiment 1,Replicate 1 T1,,,,,,,,00:00:00,63.85,15.32,472.53
Experiment 1,Replicate 1 T1,,,,,,,,01:00:00,63.29,15.92,476.25
Experiment 1,Replicate 1 T1,,,,,,,,02:00:00,64.56,15.57,478.43
Experiment 1,Replicate 1 T1,,,,,,,,03:00:00,65.58,15.3,479.2
Experiment 1,Replicate 1 T1,,,,,,,,04:00:00,65.77,14.71,481.54
Experiment 1,Replicate 1 T1,,,,,,,,05:00:00,65.99,13.69,486.51
Experiment 1,Replicate 1 T1,,,,,,,,06:00:00,65.68,14.96,472.02
Experiment 1,Replicate 1 T1,,,,,,,,07:00:00,61.92,21.89,450.27
Experiment 1,Replicate 1 T1,,,,,,,,08:00:00,58.86,24.82,450.38
Experiment 1,Replicate 1 T1,,,,,,,,09:00:00,57.0,25.38,435.33
Experiment 1,Replicate 1 T1,,,,,,,,10:00:00,53.95,26.53,426.75
Experiment 1,Replicate 1 T1,,,,,,,,11:00:00,53.18,25.83,419.37
Experiment 1,Replicate 1 T1,,,,,,,,12:00:00,51.47,24.29,413.47
Experiment 1,Replicate 1 T1,,,,,,,,13:00:00,51.25,24.52,427.56
Experiment 1,Replicate 1 T1,,,,,,,,14:00:00,51.87,18.96,427.5
Experiment 1,Replicate 1 T1,,,,,,,,15:00:00,53.18,22.91,430.3
Experiment 1,Replicate 1 T1,,,,,,,,16:00:00,54.59,19.93,448.95
Experiment 1,Replicate 1 T1,,,,,,,,17:00:00,57.39,17.07,453.8
Experiment 1,Replicate 1 T1,,,,,,,,18:00:00,58.67,16.09,458.8
Experiment 1,Replicate 1 T1,,,,,,,,19:00:00,60.13,15.02,465.45
Experiment 1,Replicate 1 T1,,,,,,,,20:00:00,61.26,14.54,469.43
Experiment 1,Replicate 1 T1,,,,,,,,21:00:00,61.88,13.97,479.8
Experiment 1,Replicate 1 T1,,,,,,,,22:00:00,62.81,13.61,509.6
Experiment 1,Replicate 1 T1,,,,,,,,23:00:00,63.1,13.49,508.15
Experiment 1,Replicate 1 T1,,,,,,,,00:00:00,63.93,13.34,493.91
Experiment 1,Replicate 1 T1,,,,,,,,01:00:00,64.28,13.43,484.92
Experiment 1,Replicate 1 T1,,,,,,,,02:00:00,64.92,13.16,483.15
Experiment 1,Replicate 1 T1,,,,,,,,03:00:00,65.38,13.15,481.37
Experiment 1,Replicate 1 T1,,,,,,,,04:00:00,65.61,13.03,480.46
Experiment 1,Replicate 1 T1,,,,,,,,05:00:00,66.13,12.59,481.22
Experiment 1,Replicate 1 T1,,,,,,,,06:00:00,65.24,14.23,462.28
Experiment 1,Replicate 1 T1,,,,,,,,07:00:00,61.18,21.72,449.4
Experiment 1,Replicate 1 T1,,,,,,,,08:00:00,58.96,23.92,448.6
Experiment 1,Replicate 1 T1,,,,,,,,09:00:00,57.22,28.13,443.07
Experiment 1,Replicate 1 T1,,,,,,,,10:00:00,54.42,26.66,437.08
Experiment 1,Replicate 1 T1,,,,,,,,11:00:00,55.2,24.53,428.44
Experiment 1,Replicate 1 T1,,,,,,,,12:00:00,52.83,23.86,423.36
Experiment 1,Replicate 1 T1,,,,,,,,13:00:00,52.89,24.5,420.02
Experiment 1,Replicate 1 T1,,,,,,,,14:00:00,51.95,24.29,419.32
Experiment 1,Replicate 1 T1,,,,,,,,15:00:00,52.79,24.02,420.11
Experiment 1,Replicate 1 T1,,,,,,,,16:00:00,53.69,24.97,426.35
Experiment 1,Replicate 1 T1,,,,,,,,17:00:00,54.66,21.88,447.91
Experiment 1,Replicate 1 T1,,,,,,,,18:00:00,57.12,18.0,459.47
Experiment 1,Replicate 1 T1,,,,,,,,19:00:00,59.5,16.33,467.11
Experiment 1,Replicate 1 T1,,,,,,,,20:00:00,61.09,15.27,476.38
Experiment 1,Replicate 1 T1,,,,,,,,21:00:00,62.1,14.4,483.79
Experiment 1,Replicate 1 T1,,,,,,,,22:00:00,62.74,13.51,495.0
Experiment 1,Replicate 1 T1,,,,,,,,23:00:00,63.54,12.73,504.39
Experiment 1,Replicate 1 T1,,,,,,,,00:00:00,64.0,12.28,510.79
Experiment 1,Replicate 1 T1,,,,,,,,01:00:00,64.24,11.82,515.05
Experiment 1,Replicate 1 T1,,,,,,,,02:00:00,64.41,11.49,518.79
Experiment 1,Replicate 1 T1,,,,,,,,03:00:00,64.72,11.18,520.62
Experiment 1,Replicate 1 T1,,,,,,,,04:00:00,65.17,10.87,527.25
Experiment 1,Replicate 1 T1,,,,,,,,05:00:00,65.74,10.63,531.63
Experiment 1,Replicate 1 T1,,,,,,,,06:00:00,65.08,13.27,506.47
Experiment 1,Replicate 1 T1,,,,,,,,07:00:00,60.05,23.01,471.15
Experiment 1,Replicate 1 T1,,,,,,,,08:00:00,56.34,24.97,453.3
Experiment 1,Replicate 1 T1,,,,,,,,09:00:00,53.49,24.04,442.99
Experiment 1,Replicate 1 T1,,,,,,,,10:00:00,51.46,22.97,436.88
Experiment 1,Replicate 1 T1,,,,,,,,11:00:00,50.32,23.18,432.77
Experiment 1,Replicate 1 T1,,,,,,,,12:00:00,49.76,23.76,427.34
Experiment 1,Replicate 1 T1,,,,,,,,13:00:00,49.98,23.43,424.89
Experiment 1,Replicate 1 T1,,,,,,,,14:00:00,51.07,22.97,424.04
Experiment 1,Replicate 1 T1,,,,,,,,15:00:00,51.68,24.34,420.35
Experiment 1,Replicate 1 T1,,,,,,,,16:00:00,52.39,26.32,419.96
Experiment 1,Replicate 1 T1,,,,,,,,17:00:00,53.49,24.72,441.49
Experiment 1,Replicate 1 T1,,,,,,,,18:00:00,55.39,19.88,456.52
Experiment 1,Replicate 1 T1,,,,,,,,19:00:00,57.82,17.61,469.13
Experiment 1,Replicate 1 T1,,,,,,,,20:00:00,59.47,16.56,482.35
Experiment 1,Replicate 1 T1,,,,,,,,21:00:00,60.69,15.77,492.95
Experiment 1,Replicate 1 T1,,,,,,,,22:00:00,61.44,15.38,492.11
Experiment 1,Replicate 1 T1,,,,,,,,23:00:00,61.96,15.66,487.74
Experiment 1,Replicate 1 T1,,,,,,,,00:00:00,62.63,15.11,484.56
Experiment 1,Replicate 1 T1,,,,,,,,01:00:00,63.4,14.26,490.1
Experiment 1,Replicate 1 T1,,,,,,,,02:00:00,64.48,13.53,491.41
Experiment 1,Replicate 1 T1,,,,,,,,03:00:00,65.04,13.12,494.37
Experiment 1,Replicate 1 T1,,,,,,,,04:00:00,65.09,12.7,502.01
Experiment 1,Replicate 1 T1,,,,,,,,05:00:00,65.69,12.33,506.9
Experiment 1,Replicate 1 T1,,,,,,,,06:00:00,64.95,14.97,479.42
Experiment 1,Replicate 1 T1,,,,,,,,07:00:00,60.19,24.29,452.29
Experiment 1,Replicate 1 T1,,,,,,,,08:00:00,56.38,25.6,440.13
Experiment 1,Replicate 1 T1,,,,,,,,09:00:00,53.0,24.11,431.89
Experiment 1,Replicate 1 T1,,,,,,,,10:00:00,50.84,23.69,425.1
Experiment 1,Replicate 1 T1,,,,,,,,11:00:00,48.85,24.84,415.06
Experiment 1,Replicate 1 T1,,,,,,,,12:00:00,46.97,26.46,408.44
Experiment 1,Replicate 1 T1,,,,,,,,13:00:00,47.14,25.78,410.82
Experiment 1,Replicate 1 T1,,,,,,,,14:00:00,49.96,22.65,412.08
Experiment 1,Replicate 1 T1,,,,,,,,15:00:00,52.36,22.99,413.75
Experiment 1,Replicate 1 T1,,,,,,,,16:00:00,53.99,24.66,421.81
Experiment 1,Replicate 1 T1,,,,,,,,17:00:00,55.46,22.0,444.55
Experiment 1,Replicate 1 T1,,,,,,,,18:00:00,57.29,17.93,453.77
Experiment 1,Replicate 1 T1,,,,,,,,19:00:00,59.17,16.31,459.13
Experiment 1,Replicate 1 T1,,,,,,,,20:00:00,60.24,15.41,464.95
Experiment 1,Replicate 1 T1,,,,,,,,21:00:00,61.4,14.28,472.79
Experiment 1,Replicate 1 T1,,,,,,,,22:00:00,62.32,13.79,474.54
Experiment 1,Replicate 1 T1,,,,,,,,23:00:00,62.94,13.46,479.05
Experiment 1,Replicate 1 T1,,,,,,,,00:00:00,63.55,13.49,479.15
Experiment 1,Replicate 1 T1,,,,,,,,01:00:00,63.65,13.06,480.78
Experiment 1,Replicate 1 T1,,,,,,,,02:00:00,64.17,12.71,483.0
Experiment 1,Replicate 1 T1,,,,,,,,03:00:00,64.37,12.29,486.67
Experiment 1,Replicate 1 T1,,,,,,,,04:00:00,64.95,11.37,491.9
Experiment 1,Replicate 1 T1,,,,,,,,05:00:00,65.13,10.66,501.94
Experiment 1,Replicate 1 T1,,,,,,,,06:00:00,64.34,12.75,486.45
Experiment 1,Replicate 1 T1,,,,,,,,07:00:00,59.74,21.38,459.52
Experiment 1,Replicate 1 T1,,,,,,,,08:00:00,56.69,23.88,448.48
Experiment 1,Replicate 1 T1,,,,,,,,09:00:00,53.74,23.78,434.94
Experiment 1,Replicate 1 T1,,,,,,,,10:00:00,51.07,23.71,427.19
Experiment 1,Replicate 1 T1,,,,,,,,11:00:00,49.26,23.88,417.11
Experiment 1,Replicate 1 T1,,,,,,,,12:00:00,48.62,24.43,409.99
Experiment 1,Replicate 1 T1,,,,,,,,13:00:00,48.9,24.35,408.39
Experiment 1,Replicate 1 T1,,,,,,,,14:00:00,49.81,23.95,406.99
Experiment 1,Replicate 1 T1,,,,,,,,15:00:00,50.34,24.19,406.78
Experiment 1,Replicate 1 T1,,,,,,,,16:00:00,51.46,25.6,423.18
Experiment 1,Replicate 1 T1,,,,,,,,17:00:00,52.92,21.93,451.51
Experiment 1,Replicate 1 T1,,,,,,,,18:00:00,55.15,17.22,460.8
Experiment 1,Replicate 1 T1,,,,,,,,19:00:00,57.48,15.6,469.76
Experiment 1,Replicate 1 T1,,,,,,,,20:00:00,59.24,14.68,473.09
Experiment 1,Replicate 1 T1,,,,,,,,21:00:00,60.33,13.79,478.16
Experiment 1,Replicate 1 T1,,,,,,,,22:00:00,61.4,13.25,481.17
Experiment 1,Replicate 1 T1,,,,,,,,23:00:00,61.71,12.85,486.51
Experiment 1,Replicate 1 T1,,,,,,,,00:00:00,62.04,12.34,488.97
Experiment 1,Replicate 1 T1,,,,,,,,01:00:00,62.54,11.56,497.12
Experiment 1,Replicate 1 T1,,,,,,,,02:00:00,63.27,11.14,504.02
Experiment 1,Replicate 1 T1,,,,,,,,03:00:00,63.5,10.78,509.75
Experiment 1,Replicate 1 T1,,,,,,,,04:00:00,63.42,10.58,513.62
Experiment 1,Replicate 1 T1,,,,,,,,05:00:00,63.92,10.34,515.27
Experiment 1,Replicate 1 T1,,,,,,,,06:00:00,63.44,12.77,493.65
Experiment 1,Replicate 1 T1,,,,,,,,07:00:00,58.49,22.36,457.98
Experiment 1,Replicate 1 T1,,,,,,,,08:00:00,54.68,24.56,442.59
Experiment 1,Replicate 1 T1,,,,,,,,09:00:00,52.23,23.78,442.59
Experiment 1,Replicate 1 T1,,,,,,,,09:00:00,52.23,23.78,433.36
Experiment 1,Replicate 1 T1,,,,,,,,10:00:00,49.97,23.68,423.93
Experiment 1,Replicate 1 T1,,,,,,,,11:00:00,48.27,23.99,416.9
Experiment 1,Replicate 1 T1,,,,,,,,12:00:00,47.66,24.6,413.21
Experiment 1,Replicate 1 T1,,,,,,,,13:00:00,47.58,24.38,410.46
Experiment 1,Replicate 1 T1,,,,,,,,14:00:00,48.25,24.7,408.7
Experiment 1,Replicate 1 T1,,,,,,,,15:00:00,49.12,25.18,411.43
Experiment 1,Replicate 1 T1,,,,,,,,16:00:00,50.55,25.37,419.56
Experiment 1,Replicate 1 T1,,,,,,,,17:00:00,52.24,21.32,442.29
Experiment 1,Replicate 1 T1,,,,,,,,18:00:00,54.36,16.7,448.55
Experiment 1,Replicate 1 T1,,,,,,,,19:00:00,56.1,15.15,454.59
Experiment 1,Replicate 1 T1,,,,,,,,20:00:00,57.65,14.48,461.71
Experiment 1,Replicate 1 T1,,,,,,,,21:00:00,59.15,14.15,468.41
Experiment 1,Replicate 1 T1,,,,,,,,22:00:00,60.08,13.98,471.45
Experiment 1,Replicate 1 T1,,,,,,,,23:00:00,60.96,13.29,474.5
Experiment 1,Replicate 1 T1,,,,,,,,00:00:00,61.45,12.84,482.5
Experiment 1,Replicate 1 T1,,,,,,,,01:00:00,62.05,13.68,488.11
Experiment 1,Replicate 1 T1,,,,,,,,02:00:00,62.19,13.5,493.81
Experiment 1,Replicate 1 T1,,,,,,,,03:00:00,62.48,13.48,499.34
Experiment 1,Replicate 1 T1,,,,,,,,04:00:00,62.74,12.59,504.21
Experiment 1,Replicate 1 T1,,,,,,,,05:00:00,63.28,12.38,507.8
Experiment 1,Replicate 1 T1,,,,,,,,06:00:00,63.19,14.26,498.63
Experiment 1,Replicate 1 T1,,,,,,,,07:00:00,60.99,18.26,458.3
Experiment 1,Replicate 1 T1,,,,,,,,08:00:00,56.68,24.17,440.14
Experiment 1,Replicate 1 T1,,,,,,,,09:00:00,53.12,23.83,432.0
Experiment 1,Replicate 1 T1,,,,,,,,10:00:00,51.96,24.37,436.46
Experiment 1,Replicate 1 T1,,,,,,,,11:00:00,54.67,22.77,440.54
Experiment 1,Replicate 1 T1,,,,,,,,12:00:00,54.9,22.9,429.84
Experiment 1,Replicate 1 T1,,,,,,,,13:00:00,51.9,23.59,430.03
Experiment 1,Replicate 1 T1,,,,,,,,14:00:00,53.74,24.9,432.04
Experiment 1,Replicate 1 T1,,,,,,,,15:00:00,53.94,24.12,420.59
Experiment 1,Replicate 1 T1,,,,,,,,16:00:00,54.5,24.33,432.06
Experiment 1,Replicate 1 T1,,,,,,,,17:00:00,55.6,20.29,451.48
Experiment 1,Replicate 1 T1,,,,,,,,18:00:00,57.51,17.49,459.88
Experiment 1,Replicate 1 T1,,,,,,,,19:00:00,58.95,14.84,472.48
Experiment 1,Replicate 1 T1,,,,,,,,20:00:00,60.79,13.79,476.9
Experiment 1,Replicate 1 T1,,,,,,,,21:00:00,61.48,12.78,485.18
Experiment 1,Replicate 1 T1,,,,,,,,22:00:00,62.34,12.45,487.91
Experiment 1,Replicate 1 T1,,,,,,,,23:00:00,62.63,11.96,492.53
Experiment 1,Replicate 1 T1,,,,,,,,00:00:00,62.58,11.2,502.51
Experiment 1,Replicate 1 T1,,,,,,,,01:00:00,63.5,10.68,509.35
Experiment 1,Replicate 1 T1,,,,,,,,02:00:00,63.33,10.38,521.05
Experiment 1,Replicate 1 T1,,,,,,,,03:00:00,63.79,11.54,525.38
Experiment 1,Replicate 1 T1,,,,,,,,04:00:00,63.48,11.38,533.48
Experiment 1,Replicate 1 T1,,,,,,,,05:00:00,64.74,10.16,541.66
Experiment 1,Replicate 1 T1,,,,,,,,06:00:00,63.71,12.68,517.87
Experiment 1,Replicate 1 T1,,,,,,,,07:00:00,58.5,22.28,479.26
Experiment 1,Replicate 1 T1,,,,,,,,08:00:00,55.16,24.18,459.94
Experiment 1,Replicate 1 T1,,,,,,,,09:00:00,52.54,23.32,446.8
Experiment 1,Replicate 1 T1,,,,,,,,10:00:00,51.18,23.56,439.63
Experiment 1,Replicate 1 T1,,,,,,,,11:00:00,49.65,22.54,435.91
Experiment 1,Replicate 1 T1,,,,,,,,12:00:00,49.0,23.0,430.17
Experiment 1,Replicate 1 T1,,,,,,,,13:00:00,49.32,23.13,426.41
Experiment 1,Replicate 1 T1,,,,,,,,14:00:00,49.73,23.61,424.11
Experiment 1,Replicate 1 T1,,,,,,,,15:00:00,50.51,23.89,422.08
Experiment 1,Replicate 1 T1,,,,,,,,16:00:00,51.61,25.4,428.15
Experiment 1,Replicate 1 T1,,,,,,,,17:00:00,52.49,22.8,452.27
Experiment 1,Replicate 1 T1,,,,,,,,18:00:00,54.5,17.9,460.01
Experiment 1,Replicate 1 T1,,,,,,,,19:00:00,56.81,15.96,472.83
Experiment 1,Replicate 1 T1,,,,,,,,20:00:00,58.2,14.6,488.33
Experiment 1,Replicate 1 T1,,,,,,,,21:00:00,58.91,14.09,501.13
Experiment 1,Replicate 1 T1,,,,,,,,22:00:00,59.75,13.57,507.98
Experiment 1,Replicate 1 T1,,,,,,,,23:00:00,60.36,12.9,513.44
Experiment 1,Replicate 1 T1,,,,,,,,00:00:00,61.21,12.48,520.08
Experiment 1,Replicate 1 T1,,,,,,,,01:00:00,61.98,12.08,522.07
Experiment 1,Replicate 1 T1,,,,,,,,02:00:00,62.38,11.63,529.05
Experiment 1,Replicate 1 T1,,,,,,,,03:00:00,62.69,11.28,535.26
Experiment 1,Replicate 1 T1,,,,,,,,04:00:00,63.18,11.18,541.76
Experiment 1,Replicate 1 T1,,,,,,,,05:00:00,63.6,11.2,547.58
Experiment 1,Replicate 1 T1,,,,,,,,06:00:00,62.87,13.66,521.19
Experiment 1,Replicate 1 T1,,,,,,,,07:00:00,58.79,21.97,478.4
Experiment 1,Replicate 1 T1,,,,,,,,08:00:00,55.64,24.85,463.12
Experiment 1,Replicate 1 T1,,,,,,,,09:00:00,52.68,24.48,449.72
Experiment 1,Replicate 1 T1,,,,,,,,10:00:00,48.26,24.78,439.17
Experiment 1,Replicate 1 T1,,,,,,,,11:00:00,48.31,23.62,432.82
Experiment 1,Replicate 1 T1,,,,,,,,12:00:00,47.86,23.35,428.02
Experiment 1,Replicate 1 T1,,,,,,,,13:00:00,48.48,22.91,425.79
Experiment 1,Replicate 1 T1,,,,,,,,14:00:00,49.47,22.7,426.84
Experiment 1,Replicate 1 T1,,,,,,,,15:00:00,50.22,24.38,429.1
Experiment 1,Replicate 1 T1,,,,,,,,16:00:00,50.91,26.05,430.74
Experiment 1,Replicate 1 T1,,,,,,,,17:00:00,52.28,24.12,449.28
Experiment 1,Replicate 1 T1,,,,,,,,18:00:00,54.56,21.01,464.93
Experiment 1,Replicate 1 T1,,,,,,,,19:00:00,56.1,19.73,474.75
Experiment 1,Replicate 1 T1,,,,,,,,20:00:00,57.42,19.1,481.44
Experiment 1,Replicate 1 T1,,,,,,,,21:00:00,58.7,18.11,484.09
Experiment 1,Replicate 1 T1,,,,,,,,22:00:00,59.47,17.52,483.7
Experiment 1,Replicate 1 T1,,,,,,,,23:00:00,60.26,17.22,481.89
Experiment 1,Replicate 1 T1,,,,,,,,00:00:00,61.1,16.65,475.67
Experiment 1,Replicate 1 T1,,,,,,,,01:00:00,61.24,16.47,475.95
Experiment 1,Replicate 1 T1,,,,,,,,02:00:00,62.07,16.16,475.69
Experiment 1,Replicate 1 T1,,,,,,,,03:00:00,62.36,16.53,475.85
Experiment 1,Replicate 1 T1,,,,,,,,04:00:00,61.96,17.19,478.25
Experiment 1,Replicate 1 T1,,,,,,,,05:00:00,62.8,16.27,480.35
Experiment 1,Replicate 1 T1,,,,,,,,06:00:00,62.27,17.45,461.3
Experiment 1,Replicate 1 T1,,,,,,,,07:00:00,58.97,24.53,447.02
Experiment 1,Replicate 1 T1,,,,,,,,08:00:00,54.92,25.43,443.1
Experiment 1,Replicate 1 T1,,,,,,,,09:00:00,52.17,23.72,447.27
Experiment 1,Replicate 1 T1,,,,,,,,10:00:00,49.17,25.06,441.42
Experiment 1,Replicate 1 T1,,,,,,,,11:00:00,46.84,26.1,431.15
Experiment 1,Replicate 1 T1,,,,,,,,12:00:00,46.45,25.29,425.49
Experiment 1,Replicate 1 T1,,,,,,,,13:00:00,47.39,25.03,420.0
Experiment 1,Replicate 1 T1,,,,,,,,14:00:00,47.77,24.09,418.54
Experiment 1,Replicate 1 T1,,,,,,,,15:00:00,49.02,23.46,418.78
Experiment 1,Replicate 1 T1,,,,,,,,16:00:00,50.83,26.12,418.16
Experiment 1,Replicate 1 T1,,,,,,,,17:00:00,51.67,26.28,421.04
Experiment 1,Replicate 1 T1,,,,,,,,18:00:00,53.61,22.23,433.94
Experiment 1,Replicate 1 T1,,,,,,,,19:00:00,54.78,20.7,444.59
Experiment 1,Replicate 1 T1,,,,,,,,20:00:00,55.73,19.46,459.15
Experiment 1,Replicate 1 T1,,,,,,,,21:00:00,57.43,17.94,466.82
Experiment 1,Replicate 1 T1,,,,,,,,22:00:00,58.51,17.25,477.66
Experiment 1,Replicate 1 T1,,,,,,,,23:00:00,59.6,16.44,495.48
Experiment 1,Replicate 1 T1,,,,,,,,00:00:00,60.7,15.64,515.44
Experiment 1,Replicate 1 T1,,,,,,,,01:00:00,61.3,15.09,533.66
Experiment 1,Replicate 1 T1,,,,,,,,02:00:00,62.07,14.59,546.92
Experiment 1,Replicate 1 T1,,,,,,,,03:00:00,62.39,14.35,554.16
Experiment 1,Replicate 1 T1,,,,,,,,04:00:00,62.78,14.22,554.7
Experiment 1,Replicate 1 T1,,,,,,,,05:00:00,62.95,14.18,553.76
Experiment 1,Replicate 1 T1,,,,,,,,06:00:00,62.3,16.85,514.07
Experiment 1,Replicate 1 T1,,,,,,,,07:00:00,59.11,24.09,483.56
Experiment 1,Replicate 1 T1,,,,,,,,08:00:00,56.19,25.74,460.8
Experiment 1,Replicate 1 T1,,,,,,,,09:00:00,53.69,25.52,437.94
Experiment 1,Replicate 1 T1,,,,,,,,10:00:00,51.56,23.93,425.26
Experiment 1,Replicate 1 T1,,,,,,,,11:00:00,51.17,24.33,417.24
Experiment 1,Replicate 1 T1,,,,,,,,12:00:00,49.88,24.53,431.97
Experiment 1,Replicate 1 T1,,,,,,,,13:00:00,50.16,24.56,436.11
Experiment 1,Replicate 1 T1,,,,,,,,14:00:00,50.84,24.77,426.76
Experiment 1,Replicate 1 T1,,,,,,,,15:00:00,50.7,27.19,422.59
Experiment 1,Replicate 1 T1,,,,,,,,16:00:00,50.6,27.25,423.71
Experiment 1,Replicate 1 T1,,,,,,,,17:00:00,50.84,26.47,427.49
Experiment 1,Replicate 1 T1,,,,,,,,18:00:00,52.77,23.89,439.3
Experiment 1,Replicate 1 T1,,,,,,,,19:00:00,54.08,23.05,449.05
Experiment 1,Replicate 1 T1,,,,,,,,20:00:00,54.67,23.02,450.15
Experiment 1,Replicate 1 T1,,,,,,,,21:00:00,54.49,21.88,447.48
Experiment 1,Replicate 1 T1,,,,,,,,22:00:00,55.79,21.25,442.87
Experiment 1,Replicate 1 T1,,,,,,,,23:00:00,56.72,20.86,442.23
Experiment 1,Replicate 1 T1,,,,,,,,00:00:00,57.53,20.35,443.33
Experiment 1,Replicate 1 T1,,,,,,,,01:00:00,57.98,19.29,453.27
Experiment 1,Replicate 1 T1,,,,,,,,02:00:00,58.94,19.27,462.68
Experiment 1,Replicate 1 T1,,,,,,,,03:00:00,59.7,18.53,467.84
Experiment 1,Replicate 1 T1,,,,,,,,04:00:00,60.3,18.92,471.28
Experiment 1,Replicate 1 T1,,,,,,,,05:00:00,60.98,18.5,469.44
Experiment 1,Replicate 1 T1,,,,,,,,06:00:00,61.49,17.93,462.26
Experiment 1,Replicate 1 T1,,,,,,,,07:00:00,60.6,21.67,453.47
Experiment 1,Replicate 1 T1,,,,,,,,08:00:00,57.69,23.35,446.42
Experiment 1,Replicate 1 T1,,,,,,,,09:00:00,54.59,25.14,432.45
Experiment 1,Replicate 1 T1,,,,,,,,10:00:00,51.96,26.18,421.82
Experiment 1,Replicate 1 T1,,,,,,,,11:00:00,51.03,26.46,414.47
Experiment 1,Replicate 1 T1,,,,,,,,12:00:00,50.69,26.59,408.38
Experiment 1,Replicate 1 T1,,,,,,,,13:00:00,51.55,25.41,405.61
Experiment 1,Replicate 1 T1,,,,,,,,14:00:00,52.45,25.43,403.97
Experiment 1,Replicate 1 T1,,,,,,,,15:00:00,54.03,24.56,414.32
Experiment 1,Replicate 1 T1,,,,,,,,16:00:00,56.11,24.37,420.47
Experiment 1,Replicate 1 T1,,,,,,,,17:00:00,57.5,24.61,438.46
Experiment 1,Replicate 1 T1,,,,,,,,18:00:00,59.22,21.14,452.78
Experiment 1,Replicate 1 T1,,,,,,,,19:00:00,60.29,19.77,462.64
Experiment 1,Replicate 1 T1,,,,,,,,20:00:00,61.3,19.06,470.22
Experiment 1,Replicate 1 T1,,,,,,,,21:00:00,62.5,18.35,472.65
Experiment 1,Replicate 1 T1,,,,,,,,22:00:00,63.06,17.83,474.45
Experiment 1,Replicate 1 T1,,,,,,,,23:00:00,63.52,17.7,477.45
Experiment 1,Replicate 1 T1,,,,,,,,00:00:00,63.99,17.33,481.46
Experiment 1,Replicate 1 T1,,,,,,,,01:00:00,64.49,17.92,478.81
Experiment 1,Replicate 1 T1,,,,,,,,02:00:00,64.13,18.02,483.36
Experiment 1,Replicate 1 T1,,,,,,,,03:00:00,65.07,18.14,485.67
Experiment 1,Replicate 1 T1,,,,,,,,04:00:00,65.45,18.0,483.84
Experiment 1,Replicate 1 T1,,,,,,,,05:00:00,65.21,17.82,486.69
Experiment 1,Replicate 1 T1,,,,,,,,06:00:00,65.59,19.17,465.16
Experiment 1,Replicate 1 T1,,,,,,,,07:00:00,62.79,24.21,455.58
Experiment 1,Replicate 1 T1,,,,,,,,08:00:00,59.88,23.18,452.55
Experiment 1,Replicate 1 T1,,,,,,,,09:00:00,57.14,24.34,444.79
Experiment 1,Replicate 1 T1,,,,,,,,10:00:00,54.83,25.98,436.82
Experiment 1,Replicate 1 T1,,,,,,,,11:00:00,52.44,26.74,426.46
Experiment 1,Replicate 1 T1,,,,,,,,12:00:00,51.62,26.97,420.26
Experiment 1,Replicate 1 T1,,,,,,,,13:00:00,51.98,26.36,421.87
Experiment 1,Replicate 1 T1,,,,,,,,14:00:00,53.07,25.79,419.13
Experiment 1,Replicate 1 T1,,,,,,,,15:00:00,55.16,24.72,424.24
Experiment 1,Replicate 1 T1,,,,,,,,16:00:00,57.49,24.14,428.27
Experiment 1,Replicate 1 T1,,,,,,,,17:00:00,58.72,25.84,434.48
Experiment 1,Replicate 1 T1,,,,,,,,18:00:00,60.58,22.62,447.18
Experiment 1,Replicate 1 T1,,,,,,,,19:00:00,62.13,21.1,458.7
Experiment 1,Replicate 1 T1,,,,,,,,20:00:00,63.27,20.08,466.14
Experiment 1,Replicate 1 T1,,,,,,,,21:00:00,64.23,19.4,474.37
Experiment 1,Replicate 1 T1,,,,,,,,22:00:00,65.04,18.8,480.74
Experiment 1,Replicate 1 T1,,,,,,,,23:00:00,65.65,18.46,485.06
Experiment 1,Replicate 1 T1,,,,,,,,00:00:00,66.13,18.34,489.5
Experiment 1,Replicate 1 T1,,,,,,,,01:00:00,66.63,17.99,491.07
Experiment 1,Replicate 1 T1,,,,,,,,02:00:00,66.73,17.93,493.72
Experiment 1,Replicate 1 T1,,,,,,,,03:00:00,67.11,17.69,501.0
Experiment 1,Replicate 1 T1,,,,,,,,04:00:00,67.4,17.63,504.5
Experiment 1,Replicate 1 T1,,,,,,,,05:00:00,67.65,17.48,503.08
Experiment 1,Replicate 1 T1,,,,,,,,06:00:00,66.89,20.13,484.76
Experiment 1,Replicate 1 T1,,,,,,,,07:00:00,63.97,24.53,472.59
Experiment 1,Replicate 1 T1,,,,,,,,08:00:00,61.12,23.97,462.08
Experiment 1,Replicate 1 T1,,,,,,,,09:00:00,57.25,26.3,450.46
Experiment 1,Replicate 1 T1,,,,,,,,10:00:00,54.25,27.45,440.89
Experiment 1,Replicate 1 T1,,,,,,,,11:00:00,52.03,28.31,437.94
Experiment 1,Replicate 1 T1,,,,,,,,12:00:00,50.95,28.45,426.13
Experiment 1,Replicate 1 T1,,,,,,,,13:00:00,51.04,28.12,422.98
Experiment 1,Replicate 1 T1,,,,,,,,14:00:00,52.71,26.99,426.11
Experiment 1,Replicate 1 T1,,,,,,,,15:00:00,54.83,26.04,428.36
Experiment 1,Replicate 1 T1,,,,,,,,16:00:00,56.15,25.37,426.74
Experiment 1,Replicate 1 T1,,,,,,,,17:00:00,53.23,27.89,424.15
Experiment 1,Replicate 1 T1,,,,,,,,18:00:00,53.13,25.95,435.22
Experiment 1,Replicate 1 T1,,,,,,,,19:00:00,55.18,22.75,449.46
Experiment 1,Replicate 1 T1,,,,,,,,20:00:00,58.3,20.84,459.28
Experiment 1,Replicate 1 T1,,,,,,,,21:00:00,59.88,19.96,464.61
Experiment 1,Replicate 1 T1,,,,,,,,22:00:00,61.06,19.6,474.02
Experiment 1,Replicate 1 T1,,,,,,,2024-01-04,23:00:00,62.13,19.13,480.15
Experiment 1,Replicate 1 T1,,,,,,,2024-01-04,00:00:00,63.08,18.8,484.06
Experiment 1,Replicate 1 T1,,,,,,,2024-01-04,01:00:00,63.89,18.62,480.34
Experiment 1,Replicate 1 T1,,,,,,,2024-01-04,02:00:00,64.61,18.25,479.6
Experiment 1,Replicate 1 T1,,,,,,,2024-01-04,03:00:00,65.16,17.89,486.02
Experiment 1,Replicate 1 T1,,,,,,,2024-01-04,04:00:00,65.8,17.47,491.06
Experiment 1,Replicate 1 T1,,,,,,,2024-01-04,05:00:00,65.62,17.86,489.11
Experiment 1,Replicate 1 T1,,,,,,,2024-01-04,06:00:00,64.59,19.78,473.94
Experiment 1,Replicate 1 T1,,,,,,,2024-01-04,07:00:00,63.53,23.88,461.21
Experiment 1,Replicate 1 T1,,,,,,,2024-01-04,08:00:00,60.09,24.13,454.07
Experiment 1,Replicate 1 T1,,,,,,,2024-01-04,09:00:00,56.03,26.31,439.54
Experiment 1,Replicate 1 T1,,,,,,,2024-01-04,10:00:00,53.56,27.25,428.75
Experiment 1,Replicate 1 T1,,,,,,,2024-01-04,11:00:00,51.37,27.3,421.67
Experiment 1,Replicate 1 T1,,,,,,,2024-01-04,12:00:00,51.0,26.91,414.95
Experiment 1,Replicate 1 T1,,,,,,,2024-01-04,13:00:00,51.2,26.82,412.55
Experiment 1,Replicate 1 T1,,,,,,,2024-01-04,14:00:00,52.18,26.42,410.96
Experiment 1,Replicate 1 T1,,,,,,,2024-01-04,15:00:00,53.0,25.47,407.45
Experiment 1,Replicate 1 T1,,,,,,,2024-01-04,16:00:00,49.25,30.8,402.52
Experiment 1,Replicate 1 T1,,,,,,,2024-01-04,17:00:00,48.08,28.81,411.08
Experiment 1,Replicate 1 T1,,,,,,,2024-01-04,18:00:00,50.63,25.64,418.67
Experiment 1,Replicate 1 T1,,,,,,,2024-01-04,19:00:00,53.25,23.06,435.43
Experiment 1,Replicate 1 T1,,,,,,,2024-01-04,20:00:00,56.35,20.7,450.25
Experiment 1,Replicate 1 T1,,,,,,,2024-01-04,21:00:00,58.09,19.65,465.54
Experiment 1,Replicate 1 T1,,,,,,,2024-01-04,22:00:00,59.29,18.95,471.93
Experiment 1,Replicate 1 T1,,,,,,,2024-02-04,23:00:00,59.97,18.39,477.07
Experiment 1,Replicate 1 T1,,,,,,,2024-02-04,00:00:00,61.31,18.06,481.23
Experiment 1,Replicate 1 T1,,,,,,,2024-02-04,01:00:00,62.18,17.74,486.38
Experiment 1,Replicate 1 T1,,,,,,,2024-02-04,02:00:00,62.54,17.48,490.53
Experiment 1,Replicate 1 T1,,,,,,,2024-02-04,03:00:00,63.13,17.31,497.49
Experiment 1,Replicate 1 T1,,,,,,,2024-02-04,04:00:00,63.61,17.06,497.13
Experiment 1,Replicate 1 T1,,,,,,,2024-02-04,05:00:00,64.1,17.1,499.12
Experiment 1,Replicate 1 T1,,,,,,,2024-02-04,06:00:00,63.03,20.31,481.62
Experiment 1,Replicate 1 T1,,,,,,,2024-02-04,07:00:00,59.81,24.92,459.59
Experiment 1,Replicate 1 T1,,,,,,,2024-02-04,08:00:00,57.12,23.48,448.75
Experiment 1,Replicate 1 T1,,,,,,,2024-02-04,09:00:00,54.56,25.57,438.59
Experiment 1,Replicate 1 T1,,,,,,,2024-02-04,10:00:00,51.53,26.82,428.6
Experiment 1,Replicate 1 T1,,,,,,,2024-02-04,11:00:00,49.82,27.47,427.0
Experiment 1,Replicate 1 T1,,,,,,,2024-04-04,12:00:00,49.38,28.12,446.05
Experiment 1,Replicate 1 T1,,,,,,,2024-04-04,09:00:00,51.3,26.32,442.44
Experiment 1,Replicate 1 T1,,,,,,,2024-04-04,10:00:00,50.24,26.48,440.81
Experiment 1,Replicate 1 T1,,,,,,,2024-04-04,11:00:00,47.19,28.92,467.86
Experiment 1,Replicate 1 T1,,,,,,,2024-04-04,12:00:00,41.28,37.27,446.6
Experiment 1,Replicate 1 T1,,,,,,,2024-04-04,13:00:00,44.46,29.47,419.33
Experiment 1,Replicate 1 T1,,,,,,,2024-04-04,14:00:00,46.64,25.53,419.54
Experiment 1,Replicate 1 T1,,,,,,,2024-04-04,15:00:00,48.53,23.9,421.79
Experiment 1,Replicate 1 T1,,,,,,,2024-04-04,16:00:00,50.58,25.06,425.79
Experiment 1,Replicate 1 T1,,,,,,,2024-04-04,17:00:00,51.05,26.88,426.53
Experiment 1,Replicate 1 T1,,,,,,,2024-04-04,18:00:00,53.02,23.25,438.81
Experiment 1,Replicate 1 T1,,,,,,,2024-04-04,19:00:00,54.57,21.18,453.8
Experiment 1,Replicate 1 T1,,,,,,,2024-04-04,20:00:00,55.65,19.46,466.49
Experiment 1,Replicate 1 T1,,,,,,,2024-04-04,21:00:00,56.87,18.46,476.93
Experiment 1,Replicate 1 T1,,,,,,,2024-04-04,22:00:00,58.51,17.74,480.78
Experiment 1,Replicate 1 T1,,,,,,,2024-05-04,23:00:00,59.59,16.72,489.27
Experiment 1,Replicate 1 T1,,,,,,,2024-05-04,00:00:00,60.38,15.89,503.93
Experiment 1,Replicate 1 T1,,,,,,,2024-05-04,01:00:00,61.4,15.67,510.05
Experiment 1,Replicate 1 T1,,,,,,,2024-05-04,02:00:00,61.85,15.2,514.6
Experiment 1,Replicate 1 T1,,,,,,,2024-05-04,03:00:00,62.22,14.59,520.72
Experiment 1,Replicate 1 T1,,,,,,,2024-05-04,04:00:00,62.56,14.18,525.88
Experiment 1,Replicate 1 T1,,,,,,,2024-05-04,05:00:00,62.76,14.08,532.1
Experiment 1,Replicate 1 T1,,,,,,,2024-05-04,06:00:00,61.6,17.51,495.42
Experiment 1,Replicate 1 T1,,,,,,,2024-05-04,07:00:00,58.22,24.58,473.32
Experiment 1,Replicate 1 T1,,,,,,,2024-05-04,08:00:00,55.68,23.72,463.74
Experiment 1,Replicate 1 T1,,,,,,,2024-05-04,09:00:00,53.36,24.5,457.77
Experiment 1,Replicate 1 T1,,,,,,,2024-05-04,10:00:00,51.45,25.82,447.21
Experiment 1,Replicate 1 T1,,,,,,,2024-05-04,11:00:00,48.86,26.88,437.49
Experiment 1,Replicate 1 T1,,,,,,,2024-05-04,12:00:00,48.27,26.35,426.57
Experiment 1,Replicate 1 T1,,,,,,,2024-05-04,13:00:00,48.58,26.2,423.87
Experiment 1,Replicate 1 T1,,,,,,,2024-05-04,14:00:00,50.12,25.65,422.71
Experiment 1,Replicate 1 T1,,,,,,,2024-05-04,15:00:00,52.21,24.16,421.26
Experiment 1,Replicate 1 T1,,,,,,,2024-05-04,16:00:00,53.75,24.45,427.81
Experiment 1,Replicate 1 T1,,,,,,,2024-05-04,17:00:00,54.17,26.34,429.0
Experiment 1,Replicate 1 T1,,,,,,,2024-05-04,18:00:00,55.94,22.3,446.16
Experiment 1,Replicate 1 T1,,,,,,,2024-05-04,19:00:00,57.44,19.71,463.3
Experiment 1,Replicate 1 T1,,,,,,,2024-05-04,20:00:00,59.2,17.96,471.02
Experiment 1,Replicate 1 T1,,,,,,,2024-05-04,21:00:00,60.45,17.38,476.83
Experiment 1,Replicate 1 T1,,,,,,,2024-05-04,22:00:00,61.68,16.9,482.74
Experiment 1,Replicate 1 T1,,,,,,,2024-06-04,23:00:00,62.31,16.4,487.05
Experiment 1,Replicate 1 T1,,,,,,,2024-06-04,00:00:00,62.47,16.15,491.45
Experiment 1,Replicate 1 T1,,,,,,,2024-06-04,01:00:00,62.49,16.56,495.08
Experiment 1,Replicate 1 T1,,,,,,,2024-06-04,02:00:00,63.13,16.53,493.93
Experiment 1,Replicate 1 T1,,,,,,,2024-06-04,03:00:00,63.39,16.07,499.04
Experiment 1,Replicate 1 T1,,,,,,,2024-06-04,04:00:00,64.25,15.74,499.72
Experiment 1,Replicate 1 T1,,,,,,,2024-06-04,05:00:00,64.22,15.27,502.93
Experiment 1,Replicate 1 T1,,,,,,,2024-06-04,06:00:00,62.7,17.82,479.63
Experiment 1,Replicate 1 T1,,,,,,,2024-06-04,07:00:00,61.24,22.86,455.43
Experiment 1,Replicate 1 T1,,,,,,,2024-06-04,08:00:00,58.39,24.13,449.27
Experiment 1,Replicate 1 T1,,,,,,,2024-06-04,09:00:00,55.27,24.61,442.87
Experiment 1,Replicate 1 T1,,,,,,,2024-06-04,10:00:00,52.64,24.94,432.27
Experiment 1,Replicate 1 T1,,,,,,,2024-06-04,11:00:00,50.68,26.0,424.1
Experiment 1,Replicate 1 T1,,,,,,,2024-06-04,12:00:00,50.21,25.58,422.36
Experiment 1,Replicate 1 T1,,,,,,,2024-06-04,13:00:00,50.66,24.97,417.71
Experiment 1,Replicate 1 T1,,,,,,,2024-06-04,14:00:00,51.95,24.25,417.27
Experiment 1,Replicate 1 T1,,,,,,,2024-06-04,15:00:00,52.9,22.84,416.59
Experiment 1,Replicate 1 T1,,,,,,,2024-06-04,16:00:00,53.73,25.46,420.79
Experiment 1,Replicate 1 T1,,,,,,,2024-06-04,17:00:00,54.48,24.96,434.03
Experiment 1,Replicate 1 T1,,,,,,,2024-06-04,18:00:00,55.76,20.14,444.59
Experiment 1,Replicate 1 T1,,,,,,,2024-06-04,19:00:00,57.31,18.44,460.61
Experiment 1,Replicate 1 T1,,,,,,,2024-06-04,20:00:00,58.89,17.65,471.53
Experiment 1,Replicate 1 T1,,,,,,,2024-06-04,21:00:00,60.53,16.99,473.21
Experiment 1,Replicate 1 T1,,,,,,,2024-06-04,22:00:00,61.76,16.43,475.42
Experiment 1,Replicate 1 T1,,,,,,,2024-07-04,23:00:00,62.82,16.2,481.23
Experiment 1,Replicate 1 T1,,,,,,,2024-07-04,00:00:00,63.04,17.03,485.0
Experiment 1,Replicate 1 T1,,,,,,,2024-07-04,01:00:00,63.57,17.11,486.92
Experiment 1,Replicate 1 T1,,,,,,,2024-07-04,02:00:00,63.97,17.05,489.44
Experiment 1,Replicate 1 T1,,,,,,,2024-07-04,03:00:00,63.85,17.69,490.15
Experiment 1,Replicate 1 T1,,,,,,,2024-07-04,04:00:00,64.27,17.37,493.28
Experiment 1,Replicate 1 T1,,,,,,,2024-07-04,05:00:00,64.42,17.62,491.01
Experiment 1,Replicate 1 T1,,,,,,,2024-07-04,06:00:00,64.17,18.93,472.66
Experiment 1,Replicate 1 T1,,,,,,,2024-07-04,07:00:00,61.66,23.69,457.24
Experiment 1,Replicate 1 T1,,,,,,,2024-07-04,08:00:00,59.08,24.36,444.85
Experiment 1,Replicate 1 T1,,,,,,,2024-07-04,09:00:00,55.97,24.41,437.6
Experiment 1,Replicate 1 T1,,,,,,,2024-07-04,10:00:00,54.22,24.83,425.97
Experiment 1,Replicate 1 T1,,,,,,,2024-07-04,11:00:00,51.72,25.36,420.49
Experiment 1,Replicate 1 T1,,,,,,,2024-07-04,12:00:00,51.88,25.32,416.96
Experiment 1,Replicate 1 T1,,,,,,,2024-07-04,13:00:00,51.67,25.29,414.74
Experiment 1,Replicate 1 T1,,,,,,,2024-07-04,14:00:00,52.57,24.34,413.98
Experiment 1,Replicate 1 T1,,,,,,,2024-07-04,15:00:00,53.82,24.9,417.22
Experiment 1,Replicate 1 T1,,,,,,,2024-07-04,16:00:00,54.87,25.17,420.12
Experiment 1,Replicate 1 T1,,,,,,,2024-07-04,17:00:00,55.07,25.51,430.95
Experiment 1,Replicate 1 T1,,,,,,,2024-07-04,18:00:00,56.76,20.9,446.28
Experiment 1,Replicate 1 T1,,,,,,,2024-07-04,19:00:00,58.31,19.01,456.48
Experiment 1,Replicate 1 T1,,,,,,,2024-07-04,20:00:00,59.86,17.94,461.61
Experiment 1,Replicate 1 T1,,,,,,,2024-07-04,21:00:00,61.23,17.2,466.92
Experiment 1,Replicate 1 T1,,,,,,,2024-07-04,22:00:00,62.44,16.81,470.38
Experiment 1,Replicate 1 T1,,,,,,,2024-08-04,23:00:00,63.37,16.29,473.38
Experiment 1,Replicate 1 T1,,,,,,,2024-08-04,00:00:00,64.01,15.69,476.69
Experiment 1,Replicate 1 T1,,,,,,,2024-08-04,01:00:00,64.41,15.49,478.99
Experiment 1,Replicate 1 T1,,,,,,,2024-08-04,02:00:00,64.69,15.73,479.78
Experiment 1,Replicate 1 T1,,,,,,,2024-08-04,03:00:00,64.91,15.8,480.45
Experiment 1,Replicate 1 T1,,,,,,,2024-08-04,04:00:00,65.21,15.54,487.52
Experiment 1,Replicate 1 T1,,,,,,,2024-08-04,05:00:00,65.17,16.29,487.3
Experiment 1,Replicate 1 T1,,,,,,,2024-08-04,06:00:00,63.97,19.99,463.32
Experiment 1,Replicate 1 T1,,,,,,,2024-08-04,07:00:00,61.4,25.02,452.63
Experiment 1,Replicate 1 T1,,,,,,,2024-08-04,08:00:00,58.61,24.11,440.49
Experiment 1,Replicate 1 T1,,,,,,,2024-08-04,09:00:00,55.71,24.31,432.27
Experiment 1,Replicate 1 T1,,,,,,,2024-08-04,10:00:00,53.11,25.06,424.63
Experiment 1,Replicate 1 T1,,,,,,,2024-08-04,11:00:00,51.32,25.55,419.67
Experiment 1,Replicate 1 T1,,,,,,,2024-08-04,12:00:00,50.94,25.43,420.01
Experiment 1,Replicate 1 T1,,,,,,,,13:00:00,52.69,26.25,
